[
  {
    "name": "Admin4",
    "score": 6,
    "streak": 6,
    "time_played": "0m 52s"
  },
  {
    "name": "Test2",
    "score": 1,
    "streak": 1,
    "time_played": "0m 8s"
  },
  {
    "name": "Test2",
    "score": 1,
    "streak": 1,
    "time_played": "1m 13s"
  },
  {
    "name": "Admin4",
    "score": 1,
    "streak": 0,
    "time_played": "0m 39s"
  },
  {
    "name": "Admin4",
    "score": 1,
    "streak": 0,
    "time_played": "0m 22s"
  },
  {
    "name": "Admin4",
    "score": 1,
    "streak": 0,
    "time_played": "0m 49s"
  },
  {
    "name": "Admin4",
    "score": 0,
    "streak": 0,
    "time_played": "0m 27s"
  }
]